"x","y","MapUnit"
959815.000000002,1090877,"1"
960705.000000002,1090327,"1"
960685.000000002,1090307,"2"
960645.000000002,1090297,"1"
960675.000000002,1090257,"1"
958025.000000002,1089737,"1"
958035.000000002,1089737,"1"
959245.000000002,1089107,"1"
958815.000000002,1088857,"1"
959165.000000002,1088797,"1"
959505.000000002,1088747,"1"
959865.000000002,1088747,"1"
959675.000000002,1088537,"1"
959265.000000002,1088357,"1"
961645.000000002,1088097,"1"
959575.000000002,1088007,"1"
959305.000000002,1087887,"1"
948015.000000002,1087247,"1"
960075.000000002,1087087,"1"
957245.000000002,1087037,"1"
957265.000000002,1087037,"1"
957285.000000002,1087037,"2"
957415.000000002,1087027,"2"
957425.000000002,1087027,"2"
957195.000000002,1087017,"1"
957195.000000002,1087007,"1"
957155.000000002,1086987,"1"
957115.000000002,1086967,"1"
957115.000000002,1086957,"1"
957105.000000002,1086937,"2"
957375.000000002,1086937,"2"
957385.000000002,1086937,"2"
957345.000000002,1086897,"2"
945245.000000002,1086877,"1"
959725.000000002,1086857,"1"
957065.000000002,1086827,"1"
957275.000000002,1086827,"2"
957175.000000002,1086817,"1"
957135.000000002,1086807,"1"
957145.000000002,1086807,"1"
957105.000000002,1086797,"1"
957245.000000002,1086747,"2"
947635.000000002,1086717,"1"
957245.000000002,1086637,"2"
957255.000000002,1086637,"2"
959935.000000002,1086617,"1"
957265.000000002,1086587,"2"
957265.000000002,1086557,"2"
957255.000000002,1086527,"2"
959445.000000002,1086467,"1"
947755.000000002,1086447,"1"
947815.000000002,1086447,"1"
956415.000000002,1086437,"1"
956285.000000002,1086427,"1"
956365.000000002,1086427,"1"
957235.000000002,1086427,"1"
956355.000000002,1086417,"1"
957235.000000002,1086417,"1"
956465.000000002,1086407,"1"
957225.000000002,1086397,"1"
956095.000000002,1086377,"1"
956105.000000002,1086367,"2"
956565.000000002,1086367,"1"
959885.000000002,1086357,"1"
956225.000000002,1086347,"1"
957225.000000002,1086337,"1"
956655.000000002,1086327,"1"
956625.000000002,1086317,"1"
956635.000000002,1086317,"1"
957185.000000002,1086277,"1"
956645.000000002,1086257,"1"
956655.000000002,1086257,"1"
957165.000000002,1086257,"1"
955985.000000002,1086207,"1"
957235.000000002,1086207,"1"
957175.000000002,1086197,"1"
946165.000000002,1086177,"1"
946175.000000002,1086177,"1"
956655.000000002,1086177,"1"
956565.000000002,1086157,"2"
956565.000000002,1086147,"2"
957275.000000002,1086147,"1"
956685.000000002,1086137,"1"
957185.000000002,1086137,"1"
956725.000000002,1086117,"1"
956675.000000002,1086107,"1"
956685.000000002,1086107,"1"
957325.000000002,1086107,"1"
956555.000000002,1086097,"1"
956635.000000002,1086097,"2"
955825.000000002,1086087,"1"
957195.000000002,1086087,"1"
956725.000000002,1086077,"1"
957195.000000002,1086077,"1"
956555.000000002,1086067,"1"
956565.000000002,1086067,"1"
956575.000000002,1086067,"1"
956665.000000002,1086067,"1"
956045.000000002,1086057,"1"
956725.000000002,1086057,"1"
957215.000000002,1086047,"1"
962415.000000002,1086047,"1"
962425.000000002,1086047,"1"
956355.000000002,1086037,"1"
946215.000000002,1086027,"1"
956355.000000002,1086027,"1"
956735.000000002,1086027,"1"
946335.000000002,1086017,"1"
956015.000000002,1086017,"1"
956565.000000002,1086017,"1"
946335.000000002,1086007,"1"
956315.000000002,1086007,"1"
956325.000000002,1086007,"1"
956565.000000002,1086007,"1"
956735.000000002,1086007,"1"
957245.000000002,1086007,"1"
947455.000000002,1085997,"1"
947245.000000002,1085987,"1"
947255.000000002,1085987,"1"
947265.000000002,1085987,"1"
956585.000000002,1085987,"1"
957345.000000002,1085987,"1"
956295.000000002,1085977,"1"
962375.000000002,1085977,"1"
955845.000000002,1085967,"2"
956295.000000002,1085967,"1"
947385.000000002,1085957,"1"
956245.000000002,1085957,"1"
947465.000000002,1085947,"1"
962535.000000002,1085947,"1"
947355.000000002,1085937,"1"
956185.000000002,1085937,"1"
956615.000000002,1085937,"1"
956715.000000002,1085937,"1"
957265.000000002,1085937,"1"
962535.000000002,1085937,"1"
956185.000000002,1085927,"1"
956205.000000002,1085927,"1"
956135.000000002,1085917,"1"
957275.000000002,1085917,"1"
962435.000000002,1085917,"1"
955875.000000002,1085907,"1"
956025.000000002,1085907,"1"
962495.000000002,1085907,"1"
956075.000000002,1085897,"2"
956655.000000002,1085887,"1"
956025.000000002,1085877,"1"
956045.000000002,1085867,"1"
957295.000000002,1085867,"1"
955945.000000002,1085857,"2"
961095.000000002,1085857,"1"
957335.000000002,1085847,"1"
957315.000000002,1085837,"1"
956615.000000002,1085827,"1"
956075.000000002,1085807,"1"
957295.000000002,1085807,"1"
956645.000000002,1085777,"1"
956115.000000002,1085767,"1"
956605.000000002,1085757,"1"
956665.000000002,1085757,"1"
956605.000000002,1085747,"1"
956135.000000002,1085737,"1"
957395.000000002,1085737,"1"
956135.000000002,1085727,"1"
956605.000000002,1085717,"1"
956235.000000002,1085697,"1"
956325.000000002,1085697,"1"
957275.000000002,1085697,"1"
957405.000000002,1085697,"2"
956145.000000002,1085687,"1"
956155.000000002,1085687,"1"
957405.000000002,1085687,"2"
956185.000000002,1085677,"1"
956195.000000002,1085677,"1"
956665.000000002,1085677,"1"
956345.000000002,1085657,"1"
956355.000000002,1085657,"1"
957005.000000002,1085657,"1"
956745.000000002,1085647,"1"
957455.000000002,1085637,"1"
956845.000000002,1085627,"2"
956365.000000002,1085607,"1"
956375.000000002,1085607,"1"
956855.000000002,1085607,"1"
957025.000000002,1085607,"1"
956905.000000002,1085597,"2"
957525.000000002,1085587,"1"
956585.000000002,1085577,"1"
956935.000000002,1085577,"1"
957245.000000002,1085577,"1"
957255.000000002,1085577,"1"
961135.000000002,1085577,"1"
961385.000000002,1085577,"1"
947725.000000002,1085567,"1"
957035.000000002,1085567,"1"
957375.000000002,1085567,"1"
957375.000000002,1085557,"1"
947745.000000002,1085547,"1"
961705.000000002,1085547,"1"
947765.000000002,1085527,"1"
956485.000000002,1085527,"1"
956955.000000002,1085527,"1"
956965.000000002,1085527,"1"
957425.000000002,1085517,"1"
947785.000000002,1085497,"1"
957435.000000002,1085487,"1"
956975.000000002,1085477,"1"
956985.000000002,1085477,"1"
957035.000000002,1085467,"1"
957035.000000002,1085447,"1"
957455.000000002,1085447,"1"
956645.000000002,1085437,"2"
957565.000000002,1085437,"1"
956605.000000002,1085377,"2"
957545.000000002,1085377,"1"
956645.000000002,1085367,"2"
956645.000000002,1085337,"1"
956715.000000002,1085327,"2"
957595.000000002,1085307,"1"
957465.000000002,1085297,"1"
961425.000000002,1085297,"1"
956625.000000002,1085267,"2"
947975.000000002,1085217,"1"
956535.000000002,1085217,"2"
947945.000000002,1085207,"1"
947955.000000002,1085207,"1"
956625.000000002,1085207,"1"
956705.000000002,1085207,"2"
948005.000000002,1085197,"1"
957675.000000002,1085197,"1"
948025.000000002,1085177,"1"
948005.000000002,1085167,"1"
956515.000000002,1085157,"2"
948005.000000002,1085147,"2"
957455.000000002,1085147,"1"
957625.000000002,1085147,"1"
948005.000000002,1085137,"2"
957515.000000002,1085137,"1"
957385.000000002,1085127,"1"
957515.000000002,1085127,"1"
947995.000000002,1085117,"1"
947875.000000002,1085107,"1"
956575.000000002,1085107,"1"
957595.000000002,1085107,"1"
956515.000000002,1085097,"1"
956625.000000002,1085097,"2"
956735.000000002,1085097,"1"
956485.000000002,1085087,"2"
956495.000000002,1085087,"2"
956645.000000002,1085087,"2"
956665.000000002,1085087,"1"
947845.000000002,1085077,"1"
947855.000000002,1085077,"1"
947975.000000002,1085077,"1"
956775.000000002,1085077,"1"
956885.000000002,1085077,"2"
956935.000000002,1085077,"1"
956775.000000002,1085067,"2"
956865.000000002,1085067,"1"
947935.000000002,1085057,"2"
947875.000000002,1085047,"1"
956995.000000002,1085047,"1"
957075.000000002,1085037,"1"
957255.000000002,1085037,"1"
957145.000000002,1085017,"1"
957145.000000002,1085007,"1"
957355.000000002,1085007,"1"
949155.000000002,1084997,"1"
957235.000000002,1084987,"1"
957395.000000002,1084987,"1"
948825.000000002,1084967,"1"
948835.000000002,1084967,"1"
949195.000000002,1084947,"1"
956565.000000002,1084947,"2"
956605.000000002,1084947,"2"
948965.000000002,1084937,"1"
957125.000000002,1084937,"1"
957175.000000002,1084937,"1"
949065.000000002,1084927,"1"
957135.000000002,1084927,"1"
948895.000000002,1084917,"1"
948905.000000002,1084917,"1"
949065.000000002,1084917,"1"
949155.000000002,1084917,"1"
949165.000000002,1084917,"1"
957085.000000002,1084917,"1"
957135.000000002,1084917,"1"
949005.000000002,1084907,"1"
949045.000000002,1084907,"1"
956665.000000002,1084907,"1"
956815.000000002,1084897,"1"
956815.000000002,1084887,"1"
957135.000000002,1084887,"1"
957145.000000002,1084887,"1"
949125.000000002,1084877,"1"
956865.000000002,1084877,"1"
957055.000000002,1084877,"1"
948975.000000002,1084867,"1"
956865.000000002,1084867,"1"
957005.000000002,1084857,"1"
956935.000000002,1084847,"1"
948505.000000002,1084717,"1"
948505.000000002,1084707,"1"
948495.000000002,1084697,"1"
948535.000000002,1084697,"1"
948575.000000002,1084697,"1"
948495.000000002,1084687,"1"
948485.000000002,1084677,"1"
948575.000000002,1084667,"1"
947835.000000002,1084567,"1"
947795.000000002,1084557,"2"
947825.000000002,1084557,"1"
947825.000000002,1084547,"1"
947835.000000002,1084547,"1"
947835.000000002,1084537,"1"
947785.000000002,1084527,"2"
947865.000000002,1084487,"1"
947595.000000002,1084467,"1"
947865.000000002,1084467,"1"
947875.000000002,1084467,"1"
961745.000000002,1084417,"1"
947865.000000002,1084407,"1"
947865.000000002,1084397,"1"
947835.000000002,1084357,"1"
947835.000000002,1084327,"1"
947545.000000002,1084277,"1"
947855.000000002,1084267,"1"
947835.000000002,1084227,"1"
947825.000000002,1084217,"1"
947575.000000002,1084197,"1"
947805.000000002,1084187,"1"
947815.000000002,1084137,"2"
947785.000000002,1084107,"1"
947735.000000002,1084077,"1"
962515.000000002,1084057,"1"
962515.000000002,1084047,"1"
962785.000000002,1084047,"1"
948735.000000002,1083997,"1"
948725.000000002,1083977,"1"
949045.000000002,1083927,"1"
949055.000000002,1083927,"1"
961785.000000002,1083927,"1"
961795.000000002,1083927,"1"
948915.000000002,1083917,"1"
949055.000000002,1083917,"1"
948845.000000002,1083907,"1"
949055.000000002,1083907,"1"
948935.000000002,1083897,"2"
948975.000000002,1083877,"1"
948975.000000002,1083867,"1"
948345.000000002,1083787,"1"
948345.000000002,1083777,"1"
948325.000000002,1083747,"1"
948355.000000002,1083707,"1"
944535.000000002,1083647,"1"
945505.000000002,1083627,"1"
945515.000000002,1083627,"1"
943795.000000002,1083497,"1"
943805.000000002,1083497,"1"
943835.000000002,1083497,"1"
945015.000000002,1083467,"1"
943625.000000002,1083457,"1"
943625.000000002,1083447,"1"
943815.000000002,1083417,"1"
944665.000000002,1083417,"1"
945865.000000002,1083387,"1"
943765.000000002,1083367,"1"
943735.000000002,1083357,"1"
943745.000000002,1083357,"1"
945545.000000002,1083337,"1"
943875.000000002,1083277,"1"
948565.000000002,1083257,"1"
948645.000000002,1083257,"1"
943625.000000002,1083247,"1"
948545.000000002,1083247,"1"
948615.000000002,1083247,"1"
948645.000000002,1083247,"1"
948675.000000002,1083247,"1"
948505.000000002,1083237,"1"
948705.000000002,1083237,"1"
944415.000000002,1083227,"1"
943825.000000002,1083207,"1"
943655.000000002,1083197,"1"
943665.000000002,1083197,"1"
943835.000000002,1083197,"1"
948425.000000002,1083197,"1"
948725.000000002,1083197,"1"
948425.000000002,1083187,"1"
948395.000000002,1083177,"1"
948355.000000002,1083167,"1"
948415.000000002,1083157,"1"
948425.000000002,1083157,"1"
948705.000000002,1083147,"1"
943805.000000002,1083137,"1"
945335.000000002,1083137,"1"
945345.000000002,1083137,"1"
948465.000000002,1083127,"1"
948715.000000002,1083107,"1"
943745.000000002,1083097,"1"
943765.000000002,1083097,"1"
948345.000000002,1083097,"1"
948525.000000002,1083087,"1"
948555.000000002,1083087,"1"
945885.000000002,1083077,"1"
948405.000000002,1083077,"1"
948705.000000002,1083077,"1"
948585.000000002,1083057,"1"
944645.000000002,1083047,"1"
948705.000000002,1083047,"1"
948615.000000002,1083037,"1"
944335.000000002,1083027,"1"
948635.000000002,1083017,"1"
948695.000000002,1083017,"1"
948635.000000002,1083007,"1"
960435.000000002,1083007,"1"
948635.000000002,1082997,"1"
944425.000000002,1082977,"1"
948675.000000002,1082977,"1"
945345.000000002,1082947,"1"
944635.000000002,1082927,"1"
944845.000000002,1082917,"1"
945125.000000002,1082917,"1"
945135.000000002,1082917,"1"
945395.000000002,1082917,"1"
945625.000000002,1082907,"1"
944405.000000002,1082897,"2"
944415.000000002,1082897,"2"
944805.000000002,1082887,"1"
944885.000000002,1082887,"1"
944885.000000002,1082877,"1"
944895.000000002,1082877,"1"
944785.000000002,1082857,"1"
944425.000000002,1082847,"2"
943855.000000002,1082837,"1"
944855.000000002,1082837,"1"
944885.000000002,1082837,"1"
944885.000000002,1082827,"1"
944145.000000002,1082737,"1"
960595.000000002,1082717,"1"
944605.000000002,1082627,"1"
963165.000000002,1082527,"1"
948155.000000002,1082517,"1"
948375.000000002,1082497,"1"
948215.000000002,1082467,"1"
944575.000000002,1082437,"1"
948295.000000002,1082437,"1"
944575.000000002,1082417,"1"
949305.000000002,1082277,"1"
948535.000000002,1082257,"1"
948655.000000002,1082257,"1"
948695.000000002,1082247,"1"
948645.000000002,1082237,"1"
948465.000000002,1082217,"1"
948465.000000002,1082207,"1"
948675.000000002,1082207,"1"
948715.000000002,1082207,"1"
949235.000000002,1082207,"1"
948415.000000002,1082197,"1"
948645.000000002,1082197,"1"
948735.000000002,1082197,"1"
948385.000000002,1082177,"1"
948745.000000002,1082177,"1"
948385.000000002,1082157,"1"
949275.000000002,1082157,"1"
949185.000000002,1082147,"1"
948595.000000002,1082137,"1"
948735.000000002,1082137,"1"
948385.000000002,1082117,"1"
948585.000000002,1082117,"1"
949145.000000002,1082107,"1"
948535.000000002,1082097,"1"
948555.000000002,1082097,"1"
948575.000000002,1082097,"1"
949145.000000002,1082097,"1"
949135.000000002,1082087,"1"
948375.000000002,1082077,"1"
948525.000000002,1082077,"1"
948495.000000002,1082067,"1"
949105.000000002,1082067,"1"
949305.000000002,1082067,"1"
949105.000000002,1082057,"1"
949315.000000002,1082057,"1"
948465.000000002,1082047,"1"
948395.000000002,1082037,"1"
948465.000000002,1082037,"1"
948405.000000002,1082027,"1"
949085.000000002,1082027,"1"
948415.000000002,1082017,"1"
949315.000000002,1082007,"1"
949185.000000002,1081967,"1"
949295.000000002,1081957,"1"
957005.000000002,1081907,"1"
957025.000000002,1081887,"1"
957055.000000002,1081877,"1"
957015.000000002,1081807,"1"
957025.000000002,1081807,"1"
956925.000000002,1081797,"1"
956935.000000002,1081797,"1"
956995.000000002,1081797,"1"
957105.000000002,1081797,"1"
962025.000000002,1081777,"1"
957055.000000002,1081767,"1"
957065.000000002,1081767,"1"
956885.000000002,1081747,"1"
957095.000000002,1081747,"1"
956985.000000002,1081737,"1"
956915.000000002,1081727,"1"
956975.000000002,1081727,"1"
956905.000000002,1081717,"1"
956905.000000002,1081707,"1"
957055.000000002,1081707,"1"
956925.000000002,1081697,"1"
956975.000000002,1081697,"1"
957055.000000002,1081697,"1"
956885.000000002,1081687,"1"
956915.000000002,1081637,"1"
957055.000000002,1081627,"1"
957025.000000002,1081617,"1"
956945.000000002,1081607,"1"
956985.000000002,1081607,"1"
957105.000000002,1081607,"1"
956945.000000002,1081597,"1"
957125.000000002,1081597,"1"
955805.000000002,1081587,"1"
955815.000000002,1081587,"1"
957165.000000002,1081577,"1"
956705.000000002,1081507,"1"
956735.000000002,1081507,"1"
956865.000000002,1081507,"1"
956695.000000002,1081497,"1"
956815.000000002,1081497,"1"
956825.000000002,1081487,"1"
956705.000000002,1081477,"1"
956765.000000002,1081477,"1"
956755.000000002,1081457,"1"
956705.000000002,1081447,"1"
956705.000000002,1081417,"1"
956705.000000002,1081397,"1"
956715.000000002,1081397,"1"
956735.000000002,1081387,"1"
956785.000000002,1081327,"1"
956785.000000002,1081317,"1"
956785.000000002,1081307,"1"
956785.000000002,1081297,"1"
955715.000000002,1081287,"1"
956005.000000002,1081267,"1"
952105.000000002,1081257,"1"
952025.000000002,1081237,"1"
956345.000000002,1081237,"1"
951995.000000002,1081157,"1"
952175.000000002,1081147,"1"
951975.000000002,1081137,"1"
951975.000000002,1081127,"1"
951925.000000002,1081117,"1"
956785.000000002,1081117,"1"
952145.000000002,1081107,"1"
952155.000000002,1081107,"1"
956735.000000002,1081107,"1"
956595.000000002,1081097,"1"
956655.000000002,1081097,"1"
953725.000000002,1081087,"1"
956795.000000002,1081087,"1"
953775.000000002,1081077,"1"
952145.000000002,1081067,"1"
956465.000000002,1081067,"1"
956775.000000002,1081067,"1"
953835.000000002,1081057,"1"
956775.000000002,1081057,"1"
953875.000000002,1081047,"1"
956775.000000002,1081047,"1"
953705.000000002,1081037,"1"
953915.000000002,1081037,"1"
953955.000000002,1081027,"1"
956455.000000002,1081017,"1"
956465.000000002,1081017,"1"
952125.000000002,1081007,"1"
954645.000000002,1081007,"1"
954685.000000002,1081007,"1"
952255.000000002,1080997,"1"
953665.000000002,1080997,"1"
954005.000000002,1080997,"1"
956525.000000002,1080997,"1"
956965.000000002,1080997,"1"
954595.000000002,1080977,"1"
954755.000000002,1080977,"1"
954765.000000002,1080977,"1"
956755.000000002,1080977,"1"
954545.000000002,1080967,"1"
954555.000000002,1080967,"1"
954735.000000002,1080967,"1"
952085.000000002,1080957,"1"
954785.000000002,1080957,"1"
956525.000000002,1080957,"1"
952045.000000002,1080947,"1"
954045.000000002,1080947,"1"
954785.000000002,1080947,"1"
956725.000000002,1080947,"1"
952165.000000002,1080937,"1"
953635.000000002,1080937,"1"
953645.000000002,1080937,"1"
954455.000000002,1080937,"1"
954505.000000002,1080937,"1"
956625.000000002,1080937,"1"
956725.000000002,1080937,"1"
957345.000000002,1080937,"1"
956675.000000002,1080927,"1"
956585.000000002,1080917,"1"
954425.000000002,1080907,"1"
952355.000000002,1080897,"1"
954395.000000002,1080887,"1"
952175.000000002,1080877,"1"
954355.000000002,1080877,"1"
954815.000000002,1080877,"1"
951975.000000002,1080867,"1"
953615.000000002,1080867,"1"
954015.000000002,1080867,"1"
954025.000000002,1080867,"1"
954355.000000002,1080867,"1"
953615.000000002,1080857,"1"
951705.000000002,1080847,"2"
956625.000000002,1080847,"1"
956635.000000002,1080847,"1"
954055.000000002,1080837,"1"
951685.000000002,1080827,"1"
952195.000000002,1080817,"1"
953635.000000002,1080817,"1"
954105.000000002,1080817,"1"
954355.000000002,1080817,"1"
954365.000000002,1080817,"1"
951665.000000002,1080807,"1"
951915.000000002,1080807,"1"
953675.000000002,1080807,"1"
956655.000000002,1080807,"1"
952385.000000002,1080787,"1"
953705.000000002,1080787,"1"
951655.000000002,1080777,"1"
951845.000000002,1080777,"1"
952205.000000002,1080777,"1"
954115.000000002,1080777,"1"
954125.000000002,1080777,"1"
951655.000000002,1080767,"1"
954325.000000002,1080767,"1"
951865.000000002,1080757,"1"
956695.000000002,1080757,"1"
951785.000000002,1080747,"1"
954275.000000002,1080747,"1"
954285.000000002,1080747,"1"
956695.000000002,1080747,"1"
951645.000000002,1080737,"1"
953775.000000002,1080737,"1"
956555.000000002,1080737,"1"
952215.000000002,1080727,"1"
953825.000000002,1080727,"1"
954245.000000002,1080727,"1"
954745.000000002,1080727,"1"
956555.000000002,1080727,"1"
951735.000000002,1080717,"1"
954155.000000002,1080717,"1"
951515.000000002,1080707,"1"
953885.000000002,1080707,"1"
954215.000000002,1080707,"1"
951585.000000002,1080697,"1"
951685.000000002,1080697,"1"
951705.000000002,1080697,"1"
956575.000000002,1080697,"1"
951685.000000002,1080687,"1"
952405.000000002,1080687,"1"
952455.000000002,1080687,"1"
954185.000000002,1080687,"1"
952465.000000002,1080677,"1"
954745.000000002,1080677,"1"
951505.000000002,1080667,"1"
956535.000000002,1080667,"1"
956545.000000002,1080667,"1"
951615.000000002,1080657,"1"
951645.000000002,1080657,"1"
952485.000000002,1080647,"1"
956585.000000002,1080647,"1"
952185.000000002,1080637,"1"
952485.000000002,1080637,"1"
953985.000000002,1080637,"1"
952505.000000002,1080617,"1"
951585.000000002,1080607,"1"
954015.000000002,1080607,"1"
954205.000000002,1080607,"1"
954205.000000002,1080597,"1"
954235.000000002,1080587,"1"
954245.000000002,1080587,"1"
954715.000000002,1080587,"1"
957275.000000002,1080587,"1"
951575.000000002,1080577,"1"
952155.000000002,1080577,"1"
954065.000000002,1080577,"1"
954715.000000002,1080577,"1"
956545.000000002,1080577,"1"
957275.000000002,1080577,"1"
954125.000000002,1080567,"1"
954305.000000002,1080557,"1"
941545.000000002,1080547,"1"
950645.000000002,1080547,"1"
954685.000000002,1080547,"1"
956555.000000002,1080547,"2"
951535.000000002,1080537,"1"
952125.000000002,1080537,"1"
952555.000000002,1080537,"1"
951535.000000002,1080527,"1"
950615.000000002,1080517,"1"
954345.000000002,1080517,"1"
952645.000000002,1080507,"1"
952815.000000002,1080507,"1"
952835.000000002,1080507,"1"
952855.000000002,1080507,"1"
952095.000000002,1080497,"1"
954655.000000002,1080487,"1"
952925.000000002,1080477,"1"
954365.000000002,1080477,"1"
950715.000000002,1080467,"2"
953045.000000002,1080467,"1"
953065.000000002,1080467,"1"
953075.000000002,1080467,"1"
950725.000000002,1080457,"2"
951385.000000002,1080457,"1"
952775.000000002,1080457,"1"
952795.000000002,1080457,"1"
953045.000000002,1080457,"1"
954625.000000002,1080457,"1"
954635.000000002,1080457,"1"
952685.000000002,1080437,"1"
952755.000000002,1080437,"1"
951375.000000002,1080427,"2"
952075.000000002,1080427,"1"
952115.000000002,1080427,"1"
954625.000000002,1080427,"2"
950725.000000002,1080417,"2"
951375.000000002,1080417,"1"
951595.000000002,1080417,"1"
954615.000000002,1080407,"1"
950635.000000002,1080397,"1"
951605.000000002,1080397,"1"
950715.000000002,1080387,"2"
950745.000000002,1080387,"1"
951365.000000002,1080387,"1"
952775.000000002,1080387,"1"
952785.000000002,1080387,"1"
954365.000000002,1080387,"1"
950675.000000002,1080377,"1"
950745.000000002,1080377,"1"
954585.000000002,1080377,"1"
952105.000000002,1080367,"1"
940755.000000002,1080357,"1"
948385.000000002,1080357,"1"
948745.000000002,1080357,"1"
948785.000000002,1080357,"1"
948925.000000002,1080357,"2"
953105.000000002,1080357,"1"
948745.000000002,1080347,"1"
948785.000000002,1080347,"1"
948805.000000002,1080347,"2"
951365.000000002,1080347,"2"
952375.000000002,1080347,"2"
952815.000000002,1080347,"1"
954385.000000002,1080347,"1"
948405.000000002,1080337,"1"
951375.000000002,1080337,"1"
952815.000000002,1080337,"1"
960675.000000002,1080327,"1"
953105.000000002,1080317,"1"
960675.000000002,1080317,"1"
951395.000000002,1080307,"1"
951865.000000002,1080297,"2"
948975.000000002,1080287,"1"
951445.000000002,1080287,"1"
951895.000000002,1080287,"1"
952855.000000002,1080287,"1"
951435.000000002,1080277,"1"
952795.000000002,1080277,"1"
953035.000000002,1080277,"1"
951455.000000002,1080267,"2"
951925.000000002,1080267,"1"
949055.000000002,1080257,"1"
951395.000000002,1080257,"1"
949015.000000002,1080247,"1"
949055.000000002,1080247,"1"
951455.000000002,1080247,"2"
952745.000000002,1080247,"1"
953025.000000002,1080247,"1"
954405.000000002,1080247,"1"
954575.000000002,1080247,"1"
951485.000000002,1080237,"1"
952865.000000002,1080237,"1"
951935.000000002,1080227,"1"
952865.000000002,1080227,"1"
954405.000000002,1080217,"1"
941465.000000002,1080207,"1"
953035.000000002,1080207,"1"
952865.000000002,1080197,"2"
953005.000000002,1080187,"1"
954395.000000002,1080187,"1"
954545.000000002,1080187,"1"
952945.000000002,1080177,"1"
952985.000000002,1080177,"1"
960285.000000002,1080177,"1"
951545.000000002,1080167,"2"
954545.000000002,1080167,"1"
951935.000000002,1080157,"1"
954405.000000002,1080157,"1"
949005.000000002,1080147,"1"
951595.000000002,1080147,"2"
948895.000000002,1080137,"1"
948965.000000002,1080137,"1"
951945.000000002,1080137,"1"
951675.000000002,1080127,"2"
954395.000000002,1080117,"1"
954575.000000002,1080117,"1"
951665.000000002,1080107,"1"
954375.000000002,1080097,"1"
940735.000000002,1080087,"1"
941055.000000002,1080087,"1"
951955.000000002,1080087,"1"
954375.000000002,1080087,"1"
942345.000000002,1080067,"1"
954385.000000002,1080067,"1"
951655.000000002,1080057,"1"
954655.000000002,1080057,"1"
954345.000000002,1080047,"1"
951965.000000002,1080007,"1"
954315.000000002,1079997,"1"
954745.000000002,1079997,"1"
948665.000000002,1079977,"1"
954275.000000002,1079977,"1"
954195.000000002,1079957,"2"
954785.000000002,1079957,"1"
954165.000000002,1079937,"2"
954125.000000002,1079917,"1"
954135.000000002,1079917,"1"
954835.000000002,1079887,"1"
954095.000000002,1079877,"1"
954105.000000002,1079877,"1"
951985.000000002,1079867,"1"
958235.000000002,1079847,"1"
958245.000000002,1079847,"1"
951655.000000002,1079837,"1"
951665.000000002,1079817,"2"
951675.000000002,1079817,"2"
954075.000000002,1079817,"1"
954885.000000002,1079807,"1"
960875.000000002,1079797,"1"
954095.000000002,1079787,"1"
960835.000000002,1079787,"2"
951635.000000002,1079777,"1"
940595.000000002,1079767,"1"
960865.000000002,1079767,"1"
960875.000000002,1079767,"1"
951625.000000002,1079757,"1"
952005.000000002,1079757,"1"
951615.000000002,1079727,"1"
954085.000000002,1079727,"1"
957705.000000002,1079717,"1"
960915.000000002,1079717,"1"
951615.000000002,1079707,"1"
952025.000000002,1079707,"1"
954085.000000002,1079697,"1"
954935.000000002,1079697,"1"
959635.000000002,1079687,"1"
941055.000000002,1079677,"1"
949435.000000002,1079677,"1"
954025.000000002,1079667,"1"
957955.000000002,1079667,"1"
960885.000000002,1079667,"1"
949425.000000002,1079657,"1"
951635.000000002,1079657,"1"
957955.000000002,1079657,"1"
960965.000000002,1079657,"1"
959335.000000002,1079647,"1"
949345.000000002,1079637,"1"
954015.000000002,1079637,"2"
954025.000000002,1079637,"2"
949405.000000002,1079627,"1"
954115.000000002,1079627,"2"
954175.000000002,1079627,"2"
954115.000000002,1079617,"2"
960075.000000002,1079617,"1"
960815.000000002,1079607,"1"
948565.000000002,1079597,"1"
954205.000000002,1079597,"1"
954995.000000002,1079597,"1"
954085.000000002,1079587,"1"
955015.000000002,1079577,"1"
949305.000000002,1079567,"1"
949415.000000002,1079567,"1"
955015.000000002,1079567,"1"
948405.000000002,1079547,"1"
949295.000000002,1079547,"1"
949395.000000002,1079547,"1"
951645.000000002,1079547,"1"
951655.000000002,1079547,"1"
961005.000000002,1079547,"1"
960755.000000002,1079537,"1"
960765.000000002,1079537,"1"
948425.000000002,1079527,"1"
949345.000000002,1079527,"1"
951885.000000002,1079527,"1"
951665.000000002,1079517,"1"
949305.000000002,1079507,"1"
951665.000000002,1079507,"1"
951885.000000002,1079507,"1"
951895.000000002,1079507,"1"
955055.000000002,1079507,"1"
960705.000000002,1079507,"1"
961025.000000002,1079507,"1"
961025.000000002,1079497,"1"
951655.000000002,1079477,"1"
951865.000000002,1079457,"1"
954275.000000002,1079457,"1"
961035.000000002,1079457,"1"
959035.000000002,1079447,"1"
955075.000000002,1079437,"1"
959035.000000002,1079437,"1"
951625.000000002,1079427,"1"
960685.000000002,1079427,"1"
961035.000000002,1079427,"1"
954625.000000002,1079417,"1"
960695.000000002,1079417,"1"
961015.000000002,1079417,"1"
960715.000000002,1079407,"1"
954265.000000002,1079397,"1"
961015.000000002,1079397,"1"
954545.000000002,1079377,"1"
960745.000000002,1079377,"1"
954665.000000002,1079367,"1"
951565.000000002,1079357,"1"
951575.000000002,1079357,"1"
960745.000000002,1079357,"1"
948145.000000002,1079347,"1"
948145.000000002,1079337,"1"
951525.000000002,1079337,"2"
955125.000000002,1079337,"1"
951475.000000002,1079327,"2"
948155.000000002,1079317,"1"
951475.000000002,1079317,"2"
954305.000000002,1079317,"1"
954515.000000002,1079317,"1"
954675.000000002,1079317,"1"
951635.000000002,1079307,"1"
954505.000000002,1079307,"1"
955125.000000002,1079307,"1"
948205.000000002,1079297,"1"
948415.000000002,1079297,"1"
951505.000000002,1079297,"2"
958455.000000002,1079297,"1"
954325.000000002,1079287,"1"
958135.000000002,1079287,"1"
958145.000000002,1079287,"1"
959505.000000002,1079287,"1"
948195.000000002,1079277,"1"
951355.000000002,1079277,"1"
954355.000000002,1079277,"1"
954375.000000002,1079277,"1"
951375.000000002,1079267,"1"
951385.000000002,1079267,"1"
954375.000000002,1079267,"1"
954685.000000002,1079267,"1"
960495.000000002,1079267,"1"
954425.000000002,1079257,"1"
954445.000000002,1079257,"1"
954705.000000002,1079257,"1"
954785.000000002,1079257,"1"
954915.000000002,1079257,"1"
945195.000000002,1079247,"1"
951355.000000002,1079247,"1"
951595.000000002,1079247,"1"
954405.000000002,1079247,"1"
954975.000000002,1079247,"1"
951315.000000002,1079237,"1"
951525.000000002,1079227,"1"
955025.000000002,1079227,"1"
955035.000000002,1079227,"1"
946435.000000002,1079217,"1"
946725.000000002,1079217,"1"
948195.000000002,1079217,"1"
951515.000000002,1079217,"1"
955085.000000002,1079217,"1"
946435.000000002,1079207,"1"
947245.000000002,1079207,"1"
951325.000000002,1079197,"2"
947815.000000002,1079187,"1"
951425.000000002,1079187,"1"
947735.000000002,1079167,"1"
947745.000000002,1079167,"1"
947805.000000002,1079167,"1"
951385.000000002,1079167,"1"
959065.000000002,1079167,"1"
949085.000000002,1079137,"1"
949115.000000002,1079137,"1"
942235.000000002,1079127,"1"
944575.000000002,1079127,"1"
947765.000000002,1079127,"1"
947775.000000002,1079127,"1"
947785.000000002,1079127,"1"
949235.000000002,1079127,"1"
943915.000000002,1079107,"1"
944535.000000002,1079107,"1"
944555.000000002,1079107,"1"
949085.000000002,1079107,"1"
949145.000000002,1079107,"1"
943265.000000002,1079097,"1"
943515.000000002,1079097,"1"
943525.000000002,1079097,"1"
947745.000000002,1079097,"1"
947755.000000002,1079097,"1"
949145.000000002,1079097,"1"
944515.000000002,1079087,"1"
960075.000000002,1079057,"2"
958875.000000002,1079007,"1"
945565.000000002,1078997,"1"
944435.000000002,1078987,"1"
945155.000000002,1078937,"1"
945155.000000002,1078927,"1"
949205.000000002,1078897,"1"
942115.000000002,1078887,"1"
949195.000000002,1078877,"1"
949195.000000002,1078867,"1"
959305.000000002,1078867,"1"
944395.000000002,1078857,"1"
944645.000000002,1078847,"1"
943475.000000002,1078817,"1"
944425.000000002,1078817,"1"
944645.000000002,1078817,"1"
943475.000000002,1078807,"1"
942475.000000002,1078757,"1"
942475.000000002,1078747,"1"
946705.000000002,1078747,"1"
946755.000000002,1078747,"1"
944405.000000002,1078737,"1"
946815.000000002,1078737,"1"
946825.000000002,1078737,"1"
946685.000000002,1078727,"1"
944495.000000002,1078717,"1"
944545.000000002,1078707,"1"
946835.000000002,1078707,"1"
946845.000000002,1078707,"1"
948095.000000002,1078707,"1"
945415.000000002,1078697,"1"
946635.000000002,1078697,"1"
948095.000000002,1078697,"1"
945955.000000002,1078677,"1"
945415.000000002,1078647,"1"
945425.000000002,1078637,"1"
945435.000000002,1078627,"1"
945475.000000002,1078627,"1"
945945.000000002,1078617,"1"
946005.000000002,1078617,"1"
946795.000000002,1078617,"1"
945465.000000002,1078607,"1"
945475.000000002,1078607,"1"
946575.000000002,1078607,"1"
945945.000000002,1078597,"1"
946575.000000002,1078597,"1"
946655.000000002,1078597,"1"
946745.000000002,1078597,"1"
946565.000000002,1078587,"1"
943555.000000002,1078577,"1"
945945.000000002,1078567,"1"
946105.000000002,1078557,"1"
946165.000000002,1078557,"1"
946165.000000002,1078547,"1"
942805.000000002,1078527,"1"
946175.000000002,1078497,"1"
946175.000000002,1078457,"1"
959215.000000002,1078427,"1"
949425.000000002,1078387,"1"
949375.000000002,1078377,"1"
946385.000000002,1078367,"1"
949475.000000002,1078357,"1"
949485.000000002,1078357,"1"
949565.000000002,1078357,"1"
949395.000000002,1078337,"1"
949475.000000002,1078327,"1"
949475.000000002,1078317,"1"
946385.000000002,1078297,"1"
946315.000000002,1078287,"1"
946325.000000002,1078287,"1"
946385.000000002,1078287,"1"
949505.000000002,1078267,"1"
946345.000000002,1078257,"1"
946355.000000002,1078257,"1"
946405.000000002,1078237,"1"
946415.000000002,1078237,"1"
946415.000000002,1078197,"1"
949545.000000002,1078187,"1"
959695.000000002,1078167,"1"
947205.000000002,1078117,"1"
949855.000000002,1078107,"1"
960925.000000002,1078087,"1"
946805.000000002,1078047,"1"
949795.000000002,1078047,"1"
949725.000000002,1078007,"1"
946715.000000002,1077937,"1"
959535.000000002,1077877,"1"
946585.000000002,1077817,"1"
946605.000000002,1077767,"1"
946615.000000002,1077727,"1"
949775.000000002,1077707,"1"
949785.000000002,1077697,"1"
949785.000000002,1077687,"1"
946635.000000002,1077677,"1"
946645.000000002,1077657,"1"
946685.000000002,1077637,"1"
952715.000000002,1077637,"2"
961585.000000002,1077627,"1"
952575.000000002,1077607,"1"
952675.000000002,1077607,"1"
952565.000000002,1077577,"1"
952605.000000002,1077577,"1"
952505.000000002,1077557,"2"
952535.000000002,1077557,"1"
952505.000000002,1077547,"2"
952515.000000002,1077537,"1"
949735.000000002,1077517,"1"
949815.000000002,1077517,"1"
949915.000000002,1077517,"1"
949935.000000002,1077497,"1"
950115.000000002,1077497,"1"
952485.000000002,1077497,"1"
949725.000000002,1077487,"1"
950045.000000002,1077487,"1"
949685.000000002,1077467,"1"
949695.000000002,1077467,"1"
954095.000000002,1077457,"1"
949705.000000002,1077447,"1"
950125.000000002,1077427,"1"
953985.000000002,1077427,"1"
954025.000000002,1077427,"1"
954095.000000002,1077427,"2"
952485.000000002,1077417,"1"
952625.000000002,1077417,"1"
954095.000000002,1077417,"2"
949745.000000002,1077407,"1"
953955.000000002,1077407,"1"
954065.000000002,1077407,"1"
954075.000000002,1077407,"1"
949745.000000002,1077397,"1"
952435.000000002,1077387,"1"
952505.000000002,1077387,"1"
953935.000000002,1077387,"1"
950105.000000002,1077367,"1"
950105.000000002,1077357,"1"
949775.000000002,1077347,"1"
949785.000000002,1077347,"1"
950015.000000002,1077347,"1"
949975.000000002,1077327,"1"
950095.000000002,1077327,"1"
952465.000000002,1077327,"1"
949885.000000002,1077317,"1"
949895.000000002,1077317,"1"
950095.000000002,1077317,"1"
952465.000000002,1077317,"1"
953905.000000002,1077317,"1"
949835.000000002,1077307,"1"
950085.000000002,1077307,"1"
952475.000000002,1077307,"2"
950085.000000002,1077297,"1"
952495.000000002,1077287,"1"
953825.000000002,1077267,"1"
953955.000000002,1077267,"1"
954005.000000002,1077267,"1"
954005.000000002,1077257,"1"
954035.000000002,1077257,"1"
952525.000000002,1077247,"2"
953885.000000002,1077247,"1"
952555.000000002,1077237,"1"
954075.000000002,1077237,"1"
954155.000000002,1077237,"2"
952555.000000002,1077217,"1"
952545.000000002,1077207,"1"
953745.000000002,1077207,"1"
952615.000000002,1077197,"1"
953745.000000002,1077197,"1"
952535.000000002,1077187,"1"
953895.000000002,1077187,"2"
953745.000000002,1077177,"1"
952635.000000002,1077157,"1"
952645.000000002,1077157,"1"
953895.000000002,1077157,"1"
953895.000000002,1077137,"1"
953905.000000002,1077137,"1"
952595.000000002,1077117,"1"
949955.000000002,1077107,"1"
953895.000000002,1077107,"1"
949915.000000002,1077097,"1"
960685.000000002,1077097,"1"
949945.000000002,1077087,"1"
952595.000000002,1077087,"1"
949845.000000002,1077077,"1"
961085.000000002,1077077,"1"
952625.000000002,1077067,"1"
953775.000000002,1077057,"2"
953915.000000002,1077057,"1"
953135.000000002,1077047,"2"
953195.000000002,1077047,"1"
953935.000000002,1077047,"1"
953955.000000002,1077037,"1"
952645.000000002,1077027,"1"
952145.000000002,1077017,"2"
952645.000000002,1077017,"1"
953275.000000002,1077017,"2"
953795.000000002,1077017,"1"
953925.000000002,1077017,"1"
953995.000000002,1077017,"1"
953275.000000002,1077007,"2"
954005.000000002,1076997,"1"
953335.000000002,1076977,"1"
953375.000000002,1076977,"1"
953375.000000002,1076967,"1"
953975.000000002,1076967,"1"
953985.000000002,1076967,"1"
952695.000000002,1076957,"1"
953395.000000002,1076957,"1"
953475.000000002,1076957,"1"
952215.000000002,1076947,"2"
952315.000000002,1076947,"1"
953415.000000002,1076947,"1"
953995.000000002,1076947,"1"
953515.000000002,1076937,"1"
952435.000000002,1076927,"1"
952565.000000002,1076927,"1"
952735.000000002,1076917,"1"
953525.000000002,1076917,"1"
953995.000000002,1076917,"1"
953935.000000002,1076907,"2"
953985.000000002,1076907,"1"
952765.000000002,1076887,"1"
952255.000000002,1076877,"1"
952785.000000002,1076877,"1"
953525.000000002,1076877,"1"
953925.000000002,1076877,"1"
952805.000000002,1076867,"1"
953925.000000002,1076867,"1"
952805.000000002,1076857,"1"
953865.000000002,1076847,"1"
953845.000000002,1076837,"1"
954445.000000002,1076837,"1"
960755.000000002,1076837,"1"
952365.000000002,1076827,"2"
953815.000000002,1076827,"1"
954365.000000002,1076827,"1"
960755.000000002,1076827,"1"
952395.000000002,1076817,"1"
952825.000000002,1076817,"1"
952845.000000002,1076817,"1"
953775.000000002,1076807,"1"
952865.000000002,1076787,"1"
952885.000000002,1076767,"1"
953455.000000002,1076767,"1"
952895.000000002,1076757,"1"
952905.000000002,1076757,"1"
953355.000000002,1076757,"1"
953395.000000002,1076757,"1"
953745.000000002,1076747,"2"
953815.000000002,1076747,"2"
953305.000000002,1076737,"1"
953315.000000002,1076737,"1"
953425.000000002,1076737,"1"
952935.000000002,1076727,"1"
952475.000000002,1076717,"2"
953215.000000002,1076717,"1"
953245.000000002,1076717,"1"
953395.000000002,1076717,"1"
953725.000000002,1076717,"2"
952955.000000002,1076707,"1"
952965.000000002,1076707,"1"
953215.000000002,1076707,"1"
952655.000000002,1076687,"1"
953085.000000002,1076687,"1"
953585.000000002,1076687,"1"
953785.000000002,1076687,"1"
952655.000000002,1076677,"1"
953015.000000002,1076677,"1"
953745.000000002,1076677,"1"
953825.000000002,1076677,"1"
952985.000000002,1076667,"1"
952995.000000002,1076667,"1"
953005.000000002,1076667,"1"
953745.000000002,1076667,"1"
953035.000000002,1076657,"1"
953055.000000002,1076637,"1"
953145.000000002,1076587,"1"
953175.000000002,1076587,"2"
953215.000000002,1076587,"1"
953275.000000002,1076587,"2"
953445.000000002,1076577,"1"
953835.000000002,1076577,"2"
953315.000000002,1076567,"1"
953345.000000002,1076547,"1"
953695.000000002,1076547,"1"
963355.000000002,1076547,"1"
953345.000000002,1076537,"1"
950175.000000002,1076527,"1"
950195.000000002,1076527,"1"
953355.000000002,1076527,"1"
953395.000000002,1076527,"1"
953435.000000002,1076527,"1"
953685.000000002,1076527,"1"
953075.000000002,1076517,"1"
953355.000000002,1076517,"1"
953395.000000002,1076517,"1"
953445.000000002,1076517,"1"
953355.000000002,1076507,"1"
953675.000000002,1076507,"1"
953485.000000002,1076497,"1"
950155.000000002,1076487,"1"
953535.000000002,1076477,"1"
950135.000000002,1076467,"1"
950145.000000002,1076467,"1"
953595.000000002,1076467,"1"
953655.000000002,1076467,"1"
950135.000000002,1076457,"1"
953365.000000002,1076447,"1"
953645.000000002,1076447,"1"
953665.000000002,1076447,"1"
954495.000000002,1076447,"2"
952985.000000002,1076437,"1"
953645.000000002,1076437,"1"
952955.000000002,1076427,"1"
952985.000000002,1076427,"1"
952925.000000002,1076417,"1"
953685.000000002,1076407,"1"
954015.000000002,1076377,"1"
954325.000000002,1076367,"2"
953225.000000002,1076337,"2"
954135.000000002,1076327,"1"
954145.000000002,1076327,"1"
954085.000000002,1076317,"1"
950395.000000002,1076287,"1"
950395.000000002,1076257,"1"
950325.000000002,1076247,"1"
950275.000000002,1076237,"1"
950245.000000002,1076227,"1"
950245.000000002,1076217,"1"
961665.000000002,1076187,"1"
961675.000000002,1076187,"1"
961905.000000002,1076177,"1"
961915.000000002,1076177,"1"
961325.000000002,1076157,"1"
961335.000000002,1076157,"1"
961905.000000002,1076157,"1"
950165.000000002,1076147,"1"
961895.000000002,1076107,"1"
961895.000000002,1076077,"1"
961875.000000002,1076057,"1"
961885.000000002,1076057,"1"
962045.000000002,1075897,"1"
949265.000000002,1075857,"1"
949295.000000002,1075857,"1"
949325.000000002,1075857,"1"
949365.000000002,1075857,"1"
949375.000000002,1075857,"1"
948725.000000002,1075827,"2"
949265.000000002,1075827,"1"
949395.000000002,1075827,"1"
948725.000000002,1075817,"2"
948605.000000002,1075807,"2"
948625.000000002,1075807,"2"
948655.000000002,1075807,"2"
948825.000000002,1075807,"2"
948875.000000002,1075807,"1"
948905.000000002,1075807,"1"
948915.000000002,1075807,"1"
949275.000000002,1075807,"1"
948605.000000002,1075797,"2"
948625.000000002,1075797,"2"
948785.000000002,1075797,"1"
949275.000000002,1075797,"1"
948915.000000002,1075787,"1"
949165.000000002,1075787,"1"
949235.000000002,1075787,"1"
948935.000000002,1075777,"1"
948975.000000002,1075777,"1"
949235.000000002,1075777,"1"
949275.000000002,1075777,"1"
949545.000000002,1075777,"1"
948605.000000002,1075767,"1"
949045.000000002,1075767,"1"
949135.000000002,1075767,"1"
949045.000000002,1075757,"1"
948595.000000002,1075747,"1"
948625.000000002,1075747,"1"
949255.000000002,1075747,"1"
948645.000000002,1075727,"1"
949295.000000002,1075717,"1"
949625.000000002,1075707,"1"
948655.000000002,1075697,"1"
949305.000000002,1075687,"1"
948675.000000002,1075667,"1"
949235.000000002,1075667,"1"
949245.000000002,1075667,"1"
950805.000000002,1075667,"1"
948675.000000002,1075657,"1"
949345.000000002,1075657,"1"
949655.000000002,1075657,"1"
948685.000000002,1075637,"1"
949695.000000002,1075637,"1"
949345.000000002,1075627,"1"
949345.000000002,1075617,"1"
949795.000000002,1075607,"1"
948745.000000002,1075597,"1"
962375.000000002,1075587,"1"
949255.000000002,1075577,"1"
949365.000000002,1075577,"1"
949375.000000002,1075577,"1"
948795.000000002,1075537,"1"
950715.000000002,1075527,"1"
950725.000000002,1075527,"1"
962895.000000002,1075527,"1"
950705.000000002,1075517,"1"
949365.000000002,1075507,"1"
949375.000000002,1075507,"1"
950705.000000002,1075507,"1"
949325.000000002,1075497,"1"
948825.000000002,1075487,"1"
949285.000000002,1075487,"1"
949335.000000002,1075487,"1"
949345.000000002,1075487,"1"
949285.000000002,1075417,"1"
948885.000000002,1075407,"1"
949345.000000002,1075407,"1"
949305.000000002,1075387,"1"
949335.000000002,1075387,"1"
949315.000000002,1075367,"1"
948895.000000002,1075357,"1"
949345.000000002,1075317,"1"
949355.000000002,1075317,"1"
949465.000000002,1075317,"1"
949375.000000002,1075307,"1"
949325.000000002,1075297,"1"
949315.000000002,1075257,"1"
951075.000000002,1075257,"1"
951165.000000002,1075227,"1"
949365.000000002,1075207,"1"
950665.000000002,1075197,"1"
950785.000000002,1075187,"1"
950895.000000002,1075187,"1"
950485.000000002,1075177,"2"
948935.000000002,1075167,"1"
949385.000000002,1075167,"1"
950485.000000002,1075167,"2"
949395.000000002,1075147,"1"
949395.000000002,1075117,"1"
950505.000000002,1075097,"2"
948925.000000002,1075087,"1"
949565.000000002,1075077,"1"
951235.000000002,1075077,"1"
949445.000000002,1075067,"1"
949455.000000002,1075067,"1"
950535.000000002,1075067,"2"
949405.000000002,1075057,"1"
949415.000000002,1075057,"1"
949625.000000002,1075047,"1"
948935.000000002,1075037,"1"
949465.000000002,1075037,"1"
951255.000000002,1075037,"1"
951285.000000002,1075017,"1"
951295.000000002,1075017,"1"
951315.000000002,1075017,"1"
951345.000000002,1075017,"1"
951355.000000002,1075017,"1"
949615.000000002,1075007,"1"
951315.000000002,1075007,"1"
949595.000000002,1074997,"1"
949595.000000002,1074987,"1"
950565.000000002,1074987,"2"
950575.000000002,1074987,"2"
949565.000000002,1074967,"1"
951335.000000002,1074967,"1"
948935.000000002,1074957,"1"
948935.000000002,1074947,"1"
950575.000000002,1074947,"2"
951105.000000002,1074917,"1"
951275.000000002,1074917,"1"
950995.000000002,1074907,"1"
951105.000000002,1074907,"1"
951275.000000002,1074907,"1"
949545.000000002,1074897,"1"
950575.000000002,1074897,"2"
951225.000000002,1074897,"1"
948955.000000002,1074877,"1"
949525.000000002,1074877,"1"
950555.000000002,1074867,"1"
950565.000000002,1074867,"1"
950685.000000002,1074857,"2"
948985.000000002,1074847,"1"
949535.000000002,1074837,"1"
949525.000000002,1074827,"1"
949585.000000002,1074827,"1"
950645.000000002,1074827,"2"
950725.000000002,1074827,"2"
949635.000000002,1074817,"1"
950815.000000002,1074817,"2"
950825.000000002,1074817,"2"
949575.000000002,1074807,"1"
949605.000000002,1074807,"1"
949665.000000002,1074807,"1"
949675.000000002,1074807,"1"
950615.000000002,1074807,"1"
950865.000000002,1074807,"1"
949105.000000002,1074797,"1"
949385.000000002,1074797,"1"
949625.000000002,1074797,"1"
949635.000000002,1074797,"1"
949695.000000002,1074797,"1"
950845.000000002,1074797,"2"
950925.000000002,1074797,"1"
949035.000000002,1074787,"1"
949655.000000002,1074787,"1"
949115.000000002,1074777,"1"
949705.000000002,1074777,"1"
949715.000000002,1074777,"1"
949685.000000002,1074767,"1"
949065.000000002,1074757,"1"
949115.000000002,1074757,"1"
949715.000000002,1074757,"1"
949725.000000002,1074757,"1"
949765.000000002,1074747,"1"
949135.000000002,1074737,"1"
949195.000000002,1074737,"1"
949775.000000002,1074737,"1"
949785.000000002,1074737,"1"
949775.000000002,1074727,"1"
949805.000000002,1074727,"1"
949815.000000002,1074727,"1"
949355.000000002,1074717,"1"
949355.000000002,1074707,"1"
949245.000000002,1074697,"1"
949295.000000002,1074697,"1"
949815.000000002,1074697,"1"
949825.000000002,1074697,"1"
949825.000000002,1074677,"1"
949795.000000002,1074657,"1"
949845.000000002,1074637,"1"
949805.000000002,1074607,"1"
949815.000000002,1074607,"1"
949815.000000002,1074587,"1"
949855.000000002,1074587,"1"
949865.000000002,1074587,"1"
949775.000000002,1074517,"1"
949855.000000002,1074517,"1"
949785.000000002,1074457,"1"
949915.000000002,1074457,"1"
949885.000000002,1074447,"1"
949965.000000002,1074437,"1"
949835.000000002,1074427,"1"
951645.000000002,1074287,"1"
951665.000000002,1074017,"1"
948085.000000002,1073867,"1"
948095.000000002,1073867,"1"
951415.000000002,1073687,"1"
966705.000000002,1073607,"1"
948845.000000002,1073547,"1"
949415.000000002,1073537,"1"
950875.000000002,1073417,"1"
950875.000000002,1073407,"1"
950875.000000002,1073397,"1"
950885.000000002,1073387,"1"
952115.000000002,1073377,"1"
951485.000000002,1073367,"1"
952115.000000002,1073367,"1"
950845.000000002,1073357,"1"
952065.000000002,1073357,"1"
950955.000000002,1073327,"1"
952125.000000002,1073307,"1"
950825.000000002,1073287,"1"
952025.000000002,1073287,"1"
950925.000000002,1073277,"1"
967095.000000002,1073277,"1"
950935.000000002,1073247,"1"
950945.000000002,1073237,"1"
951785.000000002,1073237,"1"
952195.000000002,1073217,"1"
950935.000000002,1073207,"1"
952225.000000002,1073207,"1"
968175.000000002,1073147,"1"
952285.000000002,1073137,"1"
967705.000000002,1073087,"1"
952295.000000002,1073077,"1"
951445.000000002,1073057,"1"
951465.000000002,1073047,"1"
952165.000000002,1073007,"1"
952165.000000002,1072997,"1"
951035.000000002,1072977,"1"
951085.000000002,1072977,"1"
951095.000000002,1072977,"1"
951455.000000002,1072967,"1"
951175.000000002,1072957,"1"
951395.000000002,1072947,"1"
951975.000000002,1072937,"1"
951865.000000002,1072917,"1"
952015.000000002,1072917,"1"
951295.000000002,1072907,"1"
951355.000000002,1072897,"2"
951355.000000002,1072887,"2"
966935.000000002,1072887,"1"
952105.000000002,1072877,"1"
952145.000000002,1072877,"1"
967625.000000002,1072787,"1"
968455.000000002,1072777,"1"
968455.000000002,1072767,"1"
958495.000000002,1072737,"1"
958455.000000002,1072727,"1"
958555.000000002,1072717,"1"
958415.000000002,1072707,"1"
958425.000000002,1072707,"1"
958435.000000002,1072707,"1"
958575.000000002,1072707,"1"
958605.000000002,1072707,"1"
958615.000000002,1072707,"1"
958635.000000002,1072707,"1"
968155.000000002,1072707,"1"
958265.000000002,1072697,"1"
958395.000000002,1072697,"1"
958675.000000002,1072697,"1"
958685.000000002,1072697,"2"
958705.000000002,1072697,"1"
958735.000000002,1072697,"1"
958755.000000002,1072697,"1"
958335.000000002,1072687,"1"
958345.000000002,1072687,"1"
958375.000000002,1072687,"1"
958805.000000002,1072687,"1"
958325.000000002,1072677,"1"
958195.000000002,1072667,"1"
968705.000000002,1072647,"1"
958165.000000002,1072637,"1"
958175.000000002,1072637,"1"
958175.000000002,1072627,"1"
958135.000000002,1072587,"1"
958135.000000002,1072577,"1"
958865.000000002,1072577,"1"
958135.000000002,1072567,"1"
958105.000000002,1072527,"1"
958105.000000002,1072517,"1"
958115.000000002,1072507,"1"
958835.000000002,1072497,"1"
958145.000000002,1072487,"1"
958825.000000002,1072487,"1"
958835.000000002,1072487,"1"
958825.000000002,1072467,"1"
958145.000000002,1072457,"1"
958745.000000002,1072437,"1"
958805.000000002,1072437,"1"
958585.000000002,1072417,"2"
958605.000000002,1072417,"1"
958635.000000002,1072417,"1"
958665.000000002,1072417,"1"
958735.000000002,1072417,"1"
958635.000000002,1072407,"1"
958815.000000002,1072407,"1"
958485.000000002,1072397,"2"
958705.000000002,1072397,"1"
958835.000000002,1072397,"1"
969805.000000002,1072387,"1"
958395.000000002,1072377,"1"
958445.000000002,1072377,"1"
958715.000000002,1072377,"1"
958725.000000002,1072377,"1"
957965.000000002,1072367,"1"
958055.000000002,1072367,"1"
958005.000000002,1072357,"1"
958025.000000002,1072357,"1"
958385.000000002,1072337,"1"
957925.000000002,1072327,"1"
958835.000000002,1072327,"1"
958375.000000002,1072317,"1"
958665.000000002,1072317,"1"
957955.000000002,1072307,"1"
958375.000000002,1072307,"1"
958605.000000002,1072277,"2"
958615.000000002,1072277,"2"
958835.000000002,1072267,"1"
958355.000000002,1072257,"1"
958355.000000002,1072247,"1"
958065.000000002,1072237,"1"
958335.000000002,1072237,"1"
958835.000000002,1072237,"1"
958035.000000002,1072227,"1"
958365.000000002,1072217,"1"
958385.000000002,1072207,"1"
958065.000000002,1072197,"1"
958395.000000002,1072197,"1"
958405.000000002,1072197,"1"
958565.000000002,1072187,"1"
958575.000000002,1072187,"1"
958425.000000002,1072177,"1"
958835.000000002,1072177,"1"
958465.000000002,1072157,"1"
958505.000000002,1072157,"2"
952295.000000002,1072147,"1"
958495.000000002,1072147,"1"
967845.000000002,1072147,"1"
958565.000000002,1072137,"1"
958825.000000002,1072137,"1"
958835.000000002,1072137,"1"
958495.000000002,1072127,"1"
951785.000000002,1072117,"1"
958525.000000002,1072117,"1"
958555.000000002,1072117,"1"
958545.000000002,1072107,"1"
958545.000000002,1072097,"1"
958575.000000002,1072087,"1"
958585.000000002,1072087,"1"
958585.000000002,1072077,"1"
968275.000000002,1072077,"1"
958835.000000002,1072057,"1"
958585.000000002,1072027,"1"
958615.000000002,1072027,"1"
958585.000000002,1072017,"1"
959045.000000002,1072017,"2"
958455.000000002,1071997,"2"
958625.000000002,1071997,"1"
958645.000000002,1071997,"1"
958415.000000002,1071967,"1"
958915.000000002,1071957,"1"
959115.000000002,1071957,"2"
958405.000000002,1071947,"1"
958945.000000002,1071947,"2"
967615.000000002,1071947,"1"
967625.000000002,1071947,"1"
958395.000000002,1071927,"1"
959145.000000002,1071927,"1"
951475.000000002,1071917,"1"
958125.000000002,1071917,"1"
958155.000000002,1071917,"1"
958575.000000002,1071917,"1"
958205.000000002,1071907,"1"
958325.000000002,1071907,"2"
958365.000000002,1071907,"1"
958575.000000002,1071907,"1"
958385.000000002,1071897,"2"
958925.000000002,1071897,"1"
958085.000000002,1071887,"1"
958315.000000002,1071887,"1"
958825.000000002,1071887,"1"
952145.000000002,1071877,"1"
958795.000000002,1071877,"1"
958855.000000002,1071877,"1"
959145.000000002,1071877,"1"
968025.000000002,1071877,"1"
958075.000000002,1071867,"1"
958085.000000002,1071867,"1"
958745.000000002,1071867,"1"
958785.000000002,1071867,"1"
959145.000000002,1071867,"1"
958595.000000002,1071857,"1"
958035.000000002,1071837,"1"
958825.000000002,1071837,"1"
958615.000000002,1071827,"2"
958785.000000002,1071827,"1"
958745.000000002,1071807,"1"
968335.000000002,1071807,"1"
958025.000000002,1071797,"1"
958615.000000002,1071797,"2"
958625.000000002,1071797,"2"
958735.000000002,1071787,"1"
958765.000000002,1071787,"1"
958735.000000002,1071767,"1"
958005.000000002,1071757,"1"
957985.000000002,1071747,"1"
958655.000000002,1071737,"1"
959145.000000002,1071737,"2"
957965.000000002,1071727,"1"
958705.000000002,1071727,"1"
958715.000000002,1071727,"1"
958645.000000002,1071697,"1"
958695.000000002,1071697,"1"
958715.000000002,1071697,"1"
958715.000000002,1071687,"1"
957925.000000002,1071677,"1"
959165.000000002,1071677,"1"
967705.000000002,1071677,"1"
967715.000000002,1071677,"1"
959165.000000002,1071667,"1"
958665.000000002,1071657,"1"
957905.000000002,1071647,"1"
959205.000000002,1071637,"1"
957905.000000002,1071627,"1"
959205.000000002,1071627,"1"
957905.000000002,1071597,"1"
953415.000000002,1071587,"1"
968545.000000002,1071587,"1"
957935.000000002,1071537,"1"
957935.000000002,1071527,"1"
959255.000000002,1071527,"1"
957945.000000002,1071507,"1"
957945.000000002,1071497,"1"
959315.000000002,1071497,"2"
957925.000000002,1071447,"1"
958525.000000002,1071417,"1"
957915.000000002,1071397,"1"
958425.000000002,1071387,"2"
958435.000000002,1071387,"2"
958535.000000002,1071387,"1"
958365.000000002,1071377,"1"
958385.000000002,1071377,"1"
966365.000000002,1071377,"1"
957915.000000002,1071367,"1"
958445.000000002,1071367,"1"
958455.000000002,1071367,"1"
958465.000000002,1071367,"1"
959485.000000002,1071367,"2"
958465.000000002,1071357,"1"
958535.000000002,1071357,"1"
958375.000000002,1071347,"1"
957885.000000002,1071337,"1"
958485.000000002,1071337,"1"
957845.000000002,1071327,"1"
957885.000000002,1071327,"1"
958495.000000002,1071327,"1"
958385.000000002,1071317,"1"
958345.000000002,1071307,"1"
957815.000000002,1071297,"1"
958515.000000002,1071297,"1"
958525.000000002,1071297,"1"
955825.000000002,1071287,"1"
955825.000000002,1071277,"1"
959475.000000002,1071277,"1"
958325.000000002,1071267,"1"
959495.000000002,1071247,"1"
958325.000000002,1071237,"2"
957825.000000002,1071227,"1"
957835.000000002,1071227,"1"
958305.000000002,1071217,"1"
969255.000000002,1071207,"1"
958275.000000002,1071197,"1"
957885.000000002,1071187,"1"
966535.000000002,1071187,"1"
959495.000000002,1071177,"1"
958255.000000002,1071167,"1"
955595.000000002,1071157,"1"
958175.000000002,1071157,"2"
957915.000000002,1071147,"1"
958255.000000002,1071147,"1"
959505.000000002,1071147,"1"
958215.000000002,1071137,"1"
958175.000000002,1071127,"1"
957945.000000002,1071117,"1"
966215.000000002,1071117,"1"
957965.000000002,1071107,"1"
958035.000000002,1071077,"1"
959525.000000002,1071077,"1"
958085.000000002,1071057,"1"
958095.000000002,1071057,"1"
958105.000000002,1071057,"1"
966945.000000002,1071037,"1"
955195.000000002,1071017,"1"
959505.000000002,1071007,"2"
959465.000000002,1070967,"2"
969095.000000002,1070947,"1"
967695.000000002,1070937,"1"
966655.000000002,1070917,"1"
959435.000000002,1070847,"1"
959335.000000002,1070797,"2"
959315.000000002,1070787,"1"
969585.000000002,1070787,"1"
969305.000000002,1070777,"1"
959225.000000002,1070757,"1"
959235.000000002,1070757,"1"
959125.000000002,1070727,"2"
959125.000000002,1070717,"2"
954585.000000002,1070677,"1"
967075.000000002,1070647,"1"
959095.000000002,1070637,"1"
958905.000000002,1070617,"1"
959085.000000002,1070617,"1"
955895.000000002,1070607,"1"
969185.000000002,1070517,"1"
958815.000000002,1070497,"2"
958735.000000002,1070477,"1"
958755.000000002,1070467,"1"
958655.000000002,1070447,"1"
958585.000000002,1070367,"1"
958615.000000002,1070047,"2"
958635.000000002,1070017,"2"
958575.000000002,1070007,"2"
958535.000000002,1069987,"2"
958375.000000002,1069867,"2"
958375.000000002,1069857,"2"
968355.000000002,1069787,"1"
967885.000000002,1069767,"1"
965925.000000002,1069757,"1"
958255.000000002,1069697,"2"
958245.000000002,1069687,"2"
958245.000000002,1069677,"2"
958155.000000002,1069607,"1"
958155.000000002,1069597,"1"
952115.000000002,1069557,"1"
958155.000000002,1069497,"1"
967905.000000002,1069437,"1"
968175.000000002,1069357,"1"
958075.000000002,1069337,"1"
958085.000000002,1069337,"1"
966715.000000002,1069277,"1"
967055.000000002,1069257,"1"
951725.000000002,1069007,"1"
951695.000000002,1068747,"1"
965645.000000002,1068507,"1"
970095.000000002,1068477,"1"
965405.000000002,1068397,"1"
965415.000000002,1068397,"1"
965625.000000002,1068257,"1"
965625.000000002,1068247,"1"
951955.000000002,1068187,"1"
951135.000000002,1068047,"1"
969255.000000002,1068017,"1"
969615.000000002,1067847,"1"
951175.000000002,1067757,"1"
969965.000000002,1067637,"1"
966605.000000002,1067627,"1"
964835.000000002,1067587,"1"
969625.000000002,1067567,"1"
967385.000000002,1067517,"1"
965115.000000002,1067427,"1"
965115.000000002,1067417,"1"
966505.000000002,1067387,"1"
966765.000000002,1067377,"1"
967195.000000002,1067317,"1"
951685.000000002,1067277,"1"
951695.000000002,1067277,"1"
969925.000000002,1067267,"1"
969935.000000002,1067267,"1"
967615.000000002,1067187,"1"
967615.000000002,1067177,"1"
966755.000000002,1067087,"1"
966465.000000002,1066907,"1"
969755.000000002,1066867,"1"
967425.000000002,1066777,"1"
967065.000000002,1066657,"1"
966775.000000002,1066547,"1"
966785.000000002,1066547,"1"
966435.000000002,1066367,"1"
966535.000000002,1066117,"1"
966815.000000002,1065757,"1"
967305.000000002,1065607,"1"
967955.000000002,1065587,"1"
967905.000000002,1065307,"1"
967915.000000002,1065307,"1"
967335.000000002,1065277,"1"
967625.000000002,1065107,"1"
967625.000000002,1065097,"1"
971265.000000002,1065057,"1"
967895.000000002,1065017,"1"
969125.000000002,1064567,"1"
969675.000000002,1063947,"1"
969415.000000002,1063937,"1"
969605.000000002,1063687,"1"
964815.000000002,1062837,"1"
964815.000000002,1062827,"1"
964895.000000002,1062827,"1"
964895.000000002,1062817,"1"
964745.000000002,1062787,"1"
964835.000000002,1062787,"1"
964945.000000002,1062777,"1"
964955.000000002,1062727,"1"
965085.000000002,1062717,"1"
964995.000000002,1062697,"1"
964675.000000002,1062687,"1"
964685.000000002,1062687,"1"
965145.000000002,1062687,"1"
965165.000000002,1062647,"1"
965205.000000002,1062617,"1"
965385.000000002,1062607,"1"
964555.000000002,1062597,"1"
965295.000000002,1062597,"1"
965305.000000002,1062597,"1"
965335.000000002,1062597,"1"
965275.000000002,1062587,"1"
965405.000000002,1062587,"1"
965425.000000002,1062577,"1"
965445.000000002,1062557,"1"
964535.000000002,1062547,"1"
965465.000000002,1062517,"1"
962165.000000002,1062487,"1"
962175.000000002,1062487,"1"
962185.000000002,1062487,"1"
962195.000000002,1062487,"1"
965505.000000002,1062487,"1"
962125.000000002,1062477,"1"
962205.000000002,1062477,"1"
965505.000000002,1062467,"1"
962115.000000002,1062457,"1"
962305.000000002,1062457,"1"
964475.000000002,1062457,"1"
962275.000000002,1062447,"1"
962335.000000002,1062447,"1"
962375.000000002,1062447,"2"
962395.000000002,1062447,"1"
962405.000000002,1062447,"1"
965515.000000002,1062447,"1"
962055.000000002,1062437,"1"
962645.000000002,1062437,"1"
962095.000000002,1062427,"1"
962435.000000002,1062427,"1"
962675.000000002,1062427,"1"
962685.000000002,1062427,"1"
962725.000000002,1062427,"1"
962475.000000002,1062417,"1"
962725.000000002,1062417,"1"
964435.000000002,1062417,"1"
964445.000000002,1062417,"1"
962475.000000002,1062407,"1"
962605.000000002,1062407,"1"
962615.000000002,1062407,"1"
962015.000000002,1062397,"1"
962525.000000002,1062397,"1"
962545.000000002,1062397,"1"
962575.000000002,1062397,"1"
962545.000000002,1062387,"1"
962755.000000002,1062387,"1"
962765.000000002,1062367,"1"
962785.000000002,1062367,"1"
965535.000000002,1062367,"1"
962005.000000002,1062357,"1"
962785.000000002,1062357,"1"
965545.000000002,1062337,"1"
961975.000000002,1062327,"1"
961965.000000002,1062307,"1"
961945.000000002,1062277,"1"
965485.000000002,1062277,"1"
965535.000000002,1062277,"1"
965485.000000002,1062267,"1"
961915.000000002,1062257,"1"
961925.000000002,1062257,"1"
961895.000000002,1062247,"1"
965485.000000002,1062247,"1"
961885.000000002,1062237,"1"
965485.000000002,1062237,"1"
961875.000000002,1062217,"1"
961835.000000002,1062207,"1"
965485.000000002,1062207,"1"
961795.000000002,1062167,"1"
961785.000000002,1062157,"1"
965495.000000002,1062137,"1"
965505.000000002,1062137,"1"
961765.000000002,1062117,"1"
961775.000000002,1062117,"1"
965415.000000002,1062117,"1"
965425.000000002,1062117,"1"
965265.000000002,1062087,"1"
965395.000000002,1062087,"1"
964685.000000002,1062057,"1"
961775.000000002,1062047,"1"
964715.000000002,1062037,"1"
964835.000000002,1062037,"1"
965165.000000002,1062037,"1"
965175.000000002,1062037,"1"
964765.000000002,1062027,"1"
964865.000000002,1062027,"1"
964885.000000002,1062027,"1"
964955.000000002,1062017,"1"
965165.000000002,1062017,"1"
961595.000000002,1062007,"1"
964655.000000002,1062007,"1"
961795.000000002,1061997,"1"
965005.000000002,1061997,"1"
961635.000000002,1061987,"1"
961755.000000002,1061987,"1"
961785.000000002,1061987,"1"
965155.000000002,1061987,"1"
965165.000000002,1061987,"1"
961705.000000002,1061977,"1"
961785.000000002,1061977,"1"
962165.000000002,1061977,"2"
962475.000000002,1061967,"2"
964765.000000002,1061967,"1"
965055.000000002,1061967,"1"
962095.000000002,1061957,"2"
961695.000000002,1061947,"1"
964585.000000002,1061947,"1"
964595.000000002,1061947,"1"
964765.000000002,1061947,"1"
962175.000000002,1061937,"1"
962255.000000002,1061937,"1"
965075.000000002,1061937,"1"
962205.000000002,1061927,"1"
962415.000000002,1061927,"1"
964765.000000002,1061927,"1"
964775.000000002,1061927,"1"
965115.000000002,1061927,"1"
961745.000000002,1061917,"1"
962015.000000002,1061917,"1"
962255.000000002,1061917,"2"
964575.000000002,1061907,"1"
961755.000000002,1061897,"1"
961965.000000002,1061897,"1"
962555.000000002,1061897,"1"
964765.000000002,1061897,"1"
962415.000000002,1061887,"1"
964425.000000002,1061887,"1"
964555.000000002,1061887,"1"
961755.000000002,1061877,"1"
961935.000000002,1061877,"1"
964395.000000002,1061877,"1"
964405.000000002,1061877,"1"
964485.000000002,1061877,"1"
962325.000000002,1061867,"1"
962345.000000002,1061867,"1"
962365.000000002,1061867,"1"
962375.000000002,1061867,"1"
962635.000000002,1061867,"1"
964345.000000002,1061867,"1"
964395.000000002,1061867,"1"
964745.000000002,1061867,"1"
961925.000000002,1061857,"1"
961745.000000002,1061847,"1"
964325.000000002,1061847,"1"
962275.000000002,1061837,"1"
961905.000000002,1061827,"1"
964305.000000002,1061827,"1"
964725.000000002,1061827,"1"
962635.000000002,1061817,"1"
961775.000000002,1061807,"1"
964745.000000002,1061807,"1"
964305.000000002,1061797,"1"
962635.000000002,1061787,"1"
961785.000000002,1061777,"1"
961795.000000002,1061777,"1"
961875.000000002,1061777,"1"
964315.000000002,1061777,"1"
964745.000000002,1061777,"1"
961805.000000002,1061767,"1"
962505.000000002,1061767,"1"
962555.000000002,1061767,"1"
961835.000000002,1061757,"1"
964345.000000002,1061757,"1"
964365.000000002,1061757,"1"
964375.000000002,1061757,"1"
961825.000000002,1061747,"1"
962505.000000002,1061737,"1"
964745.000000002,1061727,"1"
964405.000000002,1061717,"1"
962345.000000002,1061707,"1"
962395.000000002,1061707,"1"
962485.000000002,1061707,"1"
962495.000000002,1061707,"1"
964715.000000002,1061707,"1"
964725.000000002,1061707,"1"
962245.000000002,1061697,"1"
962315.000000002,1061697,"1"
962435.000000002,1061697,"1"
964415.000000002,1061697,"1"
964705.000000002,1061687,"1"
962615.000000002,1061667,"1"
964425.000000002,1061667,"1"
964695.000000002,1061667,"1"
964435.000000002,1061657,"1"
964445.000000002,1061657,"1"
964675.000000002,1061647,"1"
964685.000000002,1061647,"1"
962185.000000002,1061637,"1"
964455.000000002,1061627,"1"
964475.000000002,1061627,"1"
964665.000000002,1061627,"1"
964475.000000002,1061617,"1"
964665.000000002,1061617,"1"
962215.000000002,1061607,"1"
964495.000000002,1061607,"1"
964645.000000002,1061607,"1"
964655.000000002,1061607,"1"
962285.000000002,1061597,"1"
962385.000000002,1061597,"1"
964605.000000002,1061597,"1"
964515.000000002,1061587,"1"
964555.000000002,1061587,"1"
964585.000000002,1061587,"1"
962275.000000002,1061577,"1"
962275.000000002,1061567,"1"
962635.000000002,1061567,"1"
962405.000000002,1061557,"1"
962635.000000002,1061557,"1"
962465.000000002,1061437,"1"
962665.000000002,1061427,"1"
962465.000000002,1061417,"1"
962475.000000002,1061387,"1"
962515.000000002,1061367,"1"
962545.000000002,1061347,"1"
962545.000000002,1061337,"1"
962545.000000002,1061317,"1"
962615.000000002,1061297,"1"
956965.000000002,1061217,"1"
956935.000000002,1061187,"1"
956985.000000002,1061177,"1"
956895.000000002,1061157,"1"
956905.000000002,1061157,"1"
956995.000000002,1061147,"1"
956895.000000002,1061127,"1"
956995.000000002,1061117,"1"
957005.000000002,1061087,"1"
957025.000000002,1061037,"1"
956945.000000002,1060977,"1"
956945.000000002,1060967,"1"
957025.000000002,1060967,"1"
957055.000000002,1060967,"1"
956895.000000002,1060957,"1"
956905.000000002,1060957,"1"
956925.000000002,1060957,"1"
956965.000000002,1060957,"1"
957075.000000002,1060917,"1"
957085.000000002,1060917,"1"
957105.000000002,1060867,"1"
957105.000000002,1060857,"1"
957095.000000002,1060827,"1"
957115.000000002,1060727,"1"
957105.000000002,1060717,"1"
957105.000000002,1060707,"1"
957295.000000002,1060707,"1"
957385.000000002,1060707,"1"
957215.000000002,1060697,"1"
957255.000000002,1060697,"1"
957315.000000002,1060697,"1"
957365.000000002,1060697,"1"
957445.000000002,1060677,"2"
957455.000000002,1060677,"2"
957475.000000002,1060677,"2"
957505.000000002,1060677,"1"
957175.000000002,1060667,"1"
957505.000000002,1060667,"1"
957535.000000002,1060657,"2"
957585.000000002,1060647,"1"
957625.000000002,1060637,"2"
957645.000000002,1060627,"1"
957705.000000002,1060597,"1"
956415.000000002,1060577,"1"
956415.000000002,1060567,"1"
956455.000000002,1060567,"1"
956465.000000002,1060567,"1"
956565.000000002,1060567,"1"
956665.000000002,1060567,"1"
956455.000000002,1060557,"1"
956665.000000002,1060557,"1"
956405.000000002,1060547,"1"
956415.000000002,1060547,"1"
956505.000000002,1060547,"1"
956515.000000002,1060547,"1"
956685.000000002,1060537,"1"
956395.000000002,1060527,"1"
956415.000000002,1060517,"1"
958255.000000002,1060467,"1"
956435.000000002,1060457,"1"
956455.000000002,1060457,"1"
956475.000000002,1060447,"1"
956515.000000002,1060437,"1"
956515.000000002,1060427,"1"
956545.000000002,1060407,"1"
956565.000000002,1060407,"1"
956585.000000002,1060407,"1"
956605.000000002,1060407,"1"
956745.000000002,1060397,"1"
956765.000000002,1060397,"1"
962155.000000002,1060397,"1"
956655.000000002,1060387,"1"
956705.000000002,1060387,"1"
956805.000000002,1060387,"1"
956845.000000002,1060347,"1"
956885.000000002,1060337,"1"
956905.000000002,1060337,"1"
956905.000000002,1060327,"1"
961465.000000002,1060167,"1"
961465.000000002,1060157,"1"
958315.000000002,1059767,"1"
957885.000000002,1059597,"1"
955775.000000002,1059557,"1"
955785.000000002,1059557,"1"
955515.000000002,1059537,"1"
956735.000000002,1059457,"1"
956435.000000002,1059437,"2"
956785.000000002,1059437,"1"
956455.000000002,1059427,"1"
956645.000000002,1059427,"1"
956765.000000002,1059427,"1"
956605.000000002,1059417,"1"
956625.000000002,1059417,"1"
956645.000000002,1059417,"1"
956765.000000002,1059417,"1"
956575.000000002,1059407,"1"
956755.000000002,1059407,"1"
956415.000000002,1059397,"2"
956575.000000002,1059397,"1"
956565.000000002,1059377,"1"
956735.000000002,1059367,"1"
956745.000000002,1059367,"1"
956415.000000002,1059337,"1"
956605.000000002,1059337,"2"
956385.000000002,1059297,"1"
956575.000000002,1059287,"1"
956585.000000002,1059287,"1"
957385.000000002,1059287,"1"
957395.000000002,1059287,"1"
957845.000000002,1059267,"1"
957865.000000002,1059267,"1"
957975.000000002,1059267,"1"
956555.000000002,1059257,"1"
957845.000000002,1059247,"1"
957885.000000002,1059247,"1"
957925.000000002,1059247,"1"
957845.000000002,1059237,"1"
962185.000000002,1059237,"1"
958015.000000002,1059227,"1"
956545.000000002,1059217,"1"
955415.000000002,1059197,"1"
956545.000000002,1059187,"1"
956535.000000002,1059167,"1"
956535.000000002,1059157,"1"
956425.000000002,1059117,"1"
956565.000000002,1059097,"1"
956565.000000002,1059077,"1"
956565.000000002,1059067,"1"
956565.000000002,1059057,"1"
956605.000000002,1059017,"1"
956615.000000002,1058937,"2"
956235.000000002,1058927,"1"
956275.000000002,1058927,"1"
956165.000000002,1058917,"1"
956305.000000002,1058917,"1"
956345.000000002,1058917,"1"
956825.000000002,1058917,"1"
957255.000000002,1058917,"1"
956345.000000002,1058907,"1"
956385.000000002,1058907,"1"
956395.000000002,1058907,"1"
956485.000000002,1058907,"1"
956585.000000002,1058897,"1"
956185.000000002,1058867,"1"
956565.000000002,1058867,"1"
956575.000000002,1058867,"1"
956235.000000002,1058837,"1"
956255.000000002,1058807,"1"
956295.000000002,1058797,"1"
958355.000000002,1058747,"1"
956295.000000002,1058737,"1"
958355.000000002,1058737,"1"
958305.000000002,1058727,"1"
958325.000000002,1058727,"1"
956285.000000002,1058717,"1"
958255.000000002,1058717,"1"
958425.000000002,1058697,"1"
958445.000000002,1058687,"1"
956305.000000002,1058667,"2"
956315.000000002,1058667,"2"
956335.000000002,1058667,"1"
956335.000000002,1058657,"1"
958155.000000002,1058657,"1"
958165.000000002,1058657,"1"
958465.000000002,1058657,"1"
958495.000000002,1058647,"1"
956365.000000002,1058637,"1"
958515.000000002,1058637,"1"
958195.000000002,1058627,"1"
958205.000000002,1058627,"1"
958205.000000002,1058617,"1"
958235.000000002,1058617,"1"
958265.000000002,1058617,"1"
958265.000000002,1058607,"1"
958285.000000002,1058607,"1"
958325.000000002,1058607,"1"
958525.000000002,1058607,"1"
958525.000000002,1058597,"1"
958305.000000002,1058587,"1"
958345.000000002,1058587,"1"
958545.000000002,1058577,"1"
958375.000000002,1058567,"1"
958385.000000002,1058567,"1"
958535.000000002,1058567,"1"
958545.000000002,1058567,"1"
956405.000000002,1058557,"1"
958425.000000002,1058557,"1"
958465.000000002,1058547,"1"
958475.000000002,1058547,"1"
958535.000000002,1058537,"1"
958495.000000002,1058527,"1"
956435.000000002,1058517,"1"
956505.000000002,1058477,"1"
956555.000000002,1058447,"1"
956575.000000002,1058447,"1"
956685.000000002,1058447,"1"
956735.000000002,1058447,"1"
956645.000000002,1058437,"1"
956655.000000002,1058437,"1"
956725.000000002,1058397,"1"
956735.000000002,1058397,"1"
958345.000000002,1058207,"1"
956995.000000002,1058117,"1"
958625.000000002,1058037,"1"
958295.000000002,1057947,"1"
958075.000000002,1057747,"1"
958085.000000002,1057747,"1"
957365.000000002,1057717,"1"
956885.000000002,1057467,"1"
956785.000000002,1057457,"1"
956795.000000002,1057457,"1"
956835.000000002,1057457,"1"
956755.000000002,1057437,"1"
956725.000000002,1057417,"1"
957175.000000002,1057367,"1"
956715.000000002,1057347,"1"
957215.000000002,1057347,"1"
957205.000000002,1057327,"1"
956695.000000002,1057307,"1"
957175.000000002,1057307,"1"
957195.000000002,1057307,"1"
957225.000000002,1057307,"1"
956695.000000002,1057297,"1"
957175.000000002,1057297,"1"
957135.000000002,1057287,"1"
956665.000000002,1057257,"1"
956665.000000002,1057217,"1"
956695.000000002,1057207,"1"
956705.000000002,1057207,"1"
956745.000000002,1057207,"1"
957375.000000002,1057207,"1"
956805.000000002,1057197,"1"
957375.000000002,1057197,"1"
957415.000000002,1057197,"1"
957465.000000002,1057197,"1"
957505.000000002,1057197,"1"
957515.000000002,1057197,"1"
957525.000000002,1057197,"1"
957155.000000002,1057187,"1"
957355.000000002,1057177,"1"
957365.000000002,1057167,"1"
957615.000000002,1057167,"2"
956815.000000002,1057157,"1"
957365.000000002,1057157,"1"
957615.000000002,1057157,"2"
956865.000000002,1057147,"1"
957185.000000002,1057147,"1"
957215.000000002,1057147,"1"
957295.000000002,1057147,"1"
957305.000000002,1057147,"1"
957355.000000002,1057147,"1"
957255.000000002,1057137,"1"
957335.000000002,1057137,"1"
957005.000000002,1057057,"1"
957015.000000002,1057057,"1"
957115.000000002,1057057,"1"
957715.000000002,1057057,"1"
957755.000000002,1057057,"2"
957755.000000002,1057037,"1"
957115.000000002,1057027,"1"
957095.000000002,1057007,"1"
957755.000000002,1056987,"1"
957055.000000002,1056967,"1"
957095.000000002,1056967,"1"
957755.000000002,1056957,"1"
957005.000000002,1056947,"1"
957785.000000002,1056937,"2"
959045.000000002,1056927,"1"
957775.000000002,1056907,"1"
957015.000000002,1056897,"1"
957325.000000002,1056897,"1"
957775.000000002,1056897,"1"
957745.000000002,1056867,"1"
957035.000000002,1056817,"1"
957275.000000002,1056777,"1"
957335.000000002,1056777,"1"
957215.000000002,1056767,"1"
957435.000000002,1056757,"1"
957475.000000002,1056727,"1"
957505.000000002,1056717,"1"
957685.000000002,1056717,"1"
957545.000000002,1056697,"1"
957595.000000002,1056697,"1"
957625.000000002,1056697,"1"
957705.000000002,1056697,"1"
957715.000000002,1056697,"1"
957785.000000002,1056687,"1"
957735.000000002,1056677,"1"
957745.000000002,1056677,"1"
957755.000000002,1056677,"1"
960345.000000002,1056617,"1"
960345.000000002,1056607,"1"
957985.000000002,1056557,"1"
957985.000000002,1056547,"1"
959935.000000002,1056217,"1"
